name,normalizedName,occurrenceCount,productCount,exampleRawNames
정제수,정제수,188,188,정제수
"1,2-헥산다이올",12헥산다이올,185,185,"1,2-헥산다이올"
부틸렌글라이콜,부틸렌글라이콜,176,176,부틸렌글라이콜
글리세린,글리세린,169,169,글리세린
에틸헥실글리세린,에틸헥실글리세린,158,158,에틸헥실글리세린
소듐하이알루로네이트,소듐하이알루로네이트,118,118,"소듐하이알루로네이트 | 소듐하이알루로네이트 (3%) | 소듐하이알루로네이트(1001 ppm) | 소듐하이알루로네이트(1,100 ppm) | 소듐하이알루로네이트(0.1%)"
판테놀,판테놀,107,107,판테놀 | 판테놀 (510ppm)
다이소듐이디티에이,다이소듐이디티에이,103,103,다이소듐이디티에이
프로판다이올,프로판다이올,87,87,프로판다이올
하이드로제네이티드레시틴,하이드로제네이티드레시틴,87,87,하이드로제네이티드레시틴
알란토인,알란토인,85,85,알란토인
나이아신아마이드,나이아신아마이드,82,82,나이아신아마이드 | 나이아신아마이드 (15%) | 나이아신아마이드(5%)
잔탄검,잔탄검,81,81,잔탄검
트로메타민,트로메타민,80,80,트로메타민
토코페롤,토코페롤,78,78,토코페롤
다이프로필렌글라이콜,다이프로필렌글라이콜,74,74,다이프로필렌글라이콜
카보머,카보머,74,74,카보머
병풀추출물,병풀추출물,72,72,"병풀추출물 (11,198ppm) | 병풀추출물 (10ppm) | 병풀추출물 | 병풀추출물 (25,715ppm) | 병풀추출물 (22,124ppm)"
세라마이드엔피,세라마이드엔피,70,70,세라마이드엔피 | 세라마이드엔피(0.75 ppm) | 세라마이드엔피(40ppm)
카프릴릭/카프릭트라이글리세라이드,카프릴릭카프릭트라이글리세라이드,66,66,카프릴릭/카프릭트라이글리세라이드
하이드롤라이즈드하이알루로닉애씨드,하이드롤라이즈드하이알루로닉애씨드,62,62,하이드롤라이즈드하이알루로닉애씨드 | 하이드롤라이즈드하이알루로닉애씨드(22.5ppm) | 하이드롤라이즈드하이알루로닉애씨드(15ppb)
아데노신,아데노신,60,60,아데노신
베타인,베타인,55,55,베타인
펜틸렌글라이콜,펜틸렌글라이콜,53,53,펜틸렌글라이콜
하이알루로닉애씨드,하이알루로닉애씨드,53,53,하이알루로닉애씨드 | 하이알루로닉애씨드(21ppm) | 하이알루로닉애씨드(10ppb)
알지닌,알지닌,50,50,알지닌
아크릴레이트/C10-30알킬아크릴레이트크로스폴리머,아크릴레이트c1030알킬아크릴레이트크로스폴리머,49,49,아크릴레이트/C10-30알킬아크릴레이트크로스폴리머
카프릴릴글라이콜,카프릴릴글라이콜,48,48,카프릴릴글라이콜
마데카소사이드,마데카소사이드,45,45,마데카소사이드 | 마데카소사이드 (0.4090ppm) | 마데카소사이드 (0.4188ppm) | 마데카소사이드 (0.01ppm) | 마데카소사이드 (200ppm)
마데카식애씨드,마데카식애씨드,44,44,마데카식애씨드 | 마데카식애씨드 (0.4090ppm) | 마데카식애씨드 (0.4188ppm) | 마데카식애씨드 (0.01ppm) | 마데카식애씨드(36 ppm)
세테아릴알코올,세테아릴알코올,44,44,세테아릴알코올
아시아티코사이드,아시아티코사이드,44,44,아시아티코사이드 | 아시아티코사이드 (0.4090ppm) | 아시아티코사이드 (0.4188ppm) | 아시아티코사이드 (0.01ppm) | 아시아티코사이드(48 ppm)
아시아틱애씨드,아시아틱애씨드,43,43,아시아틱애씨드 | 아시아틱애씨드 (0.4090ppm) | 아시아틱애씨드 (0.4188ppm) | 아시아틱애씨드 (0.01ppm) | 아시아틱애씨드(36 ppm)
하이드록시아세토페논,하이드록시아세토페논,43,43,하이드록시아세토페논
시트릭애씨드,시트릭애씨드,42,42,시트릭애씨드 | 시트릭애씨드(100ppb)
스테아릭애씨드,스테아릭애씨드,41,41,스테아릭애씨드
글리세릴스테아레이트,글리세릴스테아레이트,37,37,글리세릴스테아레이트
다이포타슘글리시리제이트,다이포타슘글리시리제이트,37,37,다이포타슘글리시리제이트
덱스트린,덱스트린,36,36,덱스트린
소듐아세틸레이티드하이알루로네이트,소듐아세틸레이티드하이알루로네이트,34,34,소듐아세틸레이티드하이알루로네이트 | 소듐아세틸레이티드하이알루로네이트(0.7ppm) | 소듐아세틸레이티드하이알루로네이트(4ppb)
폴리글리세릴-10라우레이트,폴리글리세릴10라우레이트,34,34,폴리글리세릴-10라우레이트
콜레스테롤,콜레스테롤,33,33,콜레스테롤
소듐하이알루로네이트크로스폴리머,소듐하이알루로네이트크로스폴리머,32,32,소듐하이알루로네이트크로스폴리머 | 소듐하이알루로네이트크로스폴리머(21ppm) | 소듐하이알루로네이트크로스폴리머(8ppb)
글리세릴카프릴레이트,글리세릴카프릴레이트,31,31,글리세릴카프릴레이트
솔비탄올리베이트,솔비탄올리베이트,30,30,솔비탄올리베이트
글루코오스,글루코오스,29,29,글루코오스
세테아릴올리베이트,세테아릴올리베이트,29,29,세테아릴올리베이트
하이드록시에틸아크릴레이트/소듐아크릴로일다이메틸타우레이트코폴리머,하이드록시에틸아크릴레이트소듐아크릴로일다이메틸타우레이트코폴리머,29,29,하이드록시에틸아크릴레이트/소듐아크릴로일다이메틸타우레이트코폴리머
스쿠알란,스쿠알란,28,28,스쿠알란
암모늄아크릴로일다이메틸타우레이트/브이피코폴리머,암모늄아크릴로일다이메틸타우레이트브이피코폴리머,28,28,암모늄아크릴로일다이메틸타우레이트/브이피코폴리머
소듐파이테이트,소듐파이테이트,26,26,소듐파이테이트
솔비탄아이소스테아레이트,솔비탄아이소스테아레이트,26,26,솔비탄아이소스테아레이트
메틸프로판다이올,메틸프로판다이올,25,25,메틸프로판다이올
카프릴로일살리실릭애씨드,카프릴로일살리실릭애씨드,25,25,카프릴로일살리실릭애씨드 | 카프릴로일살리실릭애씨드(10ppm)
글리세릴아크릴레이트/아크릴릭애씨드코폴리머,글리세릴아크릴레이트아크릴릭애씨드코폴리머,24,24,글리세릴아크릴레이트/아크릴릭애씨드코폴리머
베타-글루칸,베타글루칸,24,24,베타-글루칸
글루코노락톤,글루코노락톤,23,23,글루코노락톤
팔미틱애씨드,팔미틱애씨드,23,23,팔미틱애씨드
하이드록시프로필트라이모늄하이알루로네이트,하이드록시프로필트라이모늄하이알루로네이트,23,23,하이드록시프로필트라이모늄하이알루로네이트 | 하이드록시프로필트라이모늄하이알루로네이트(1 ppm) | 하이드록시프로필트라이모늄하이알루로네이트(21ppm) | 하이드록시프로필트라이모늄하이알루로네이트(8ppb)
소듐시트레이트,소듐시트레이트,22,22,소듐시트레이트
소듐클로라이드,소듐클로라이드,22,22,소듐클로라이드
글리세레스-26,글리세레스26,21,21,글리세레스-26
트레할로오스,트레할로오스,21,21,트레할로오스
포타슘하이알루로네이트,포타슘하이알루로네이트,21,21,포타슘하이알루로네이트 | 포타슘하이알루로네이트(21ppm) | 포타슘하이알루로네이트(10ppb)
폴리글리세릴-3메틸글루코오스다이스테아레이트,폴리글리세릴3메틸글루코오스다이스테아레이트,21,21,폴리글리세릴-3메틸글루코오스다이스테아레이트
하이드롤라이즈드소듐하이알루로네이트,하이드롤라이즈드소듐하이알루로네이트,21,21,하이드롤라이즈드소듐하이알루로네이트 | 하이드롤라이즈드소듐하이알루로네이트(21ppm) | 하이드롤라이즈드소듐하이알루로네이트(15ppb)
락토바실러스발효물,락토바실러스발효물,20,20,락토바실러스발효물
실리카,실리카,18,18,실리카
아스코빅애씨드,아스코빅애씨드,18,18,아스코빅애씨드 | 아스코빅애씨드 (13%) | 아스코빅애씨드(10ppm)
글리세릴스테아레이트시트레이트,글리세릴스테아레이트시트레이트,17,17,글리세릴스테아레이트시트레이트
님꽃추출물,님꽃추출물,17,17,님꽃추출물
님잎추출물,님잎추출물,17,17,님잎추출물
글리세릴글루코사이드,글리세릴글루코사이드,16,16,글리세릴글루코사이드
라우릭애씨드,라우릭애씨드,16,16,라우릭애씨드
소듐폴리아크릴레이트,소듐폴리아크릴레이트,16,16,소듐폴리아크릴레이트
카카오씨추출물,카카오씨추출물,16,16,카카오씨추출물
하이드로제네이티드폴리데센,하이드로제네이티드폴리데센,16,16,하이드로제네이티드폴리데센
인도멀구슬나무꽃추출물,인도멀구슬나무꽃추출물,15,15,인도멀구슬나무꽃추출물
인도멀구슬나무잎추출물,인도멀구슬나무잎추출물,15,15,인도멀구슬나무잎추출물
녹두추출물,녹두추출물,14,14,"녹두추출물 | 녹두추출물(3,300ppm) | 녹두추출물(10ppm) | 녹두추출물(200ppm) | 녹두추출물(1,100ppm)"
다이메티콘,다이메티콘,14,14,다이메티콘
만니톨,만니톨,14,14,만니톨
미리스틱애씨드,미리스틱애씨드,14,14,미리스틱애씨드
살리실릭애씨드,살리실릭애씨드,14,14,"살리실릭애씨드 | 살리실릭애씨드(0.45%) | 살리실릭애씨드(5,000ppm)"
시어버터,시어버터,14,14,시어버터
울금뿌리추출물,울금뿌리추출물,14,14,울금뿌리추출물
폴리글리세릴-10미리스테이트,폴리글리세릴10미리스테이트,14,14,폴리글리세릴-10미리스테이트
폴리메틸실세스퀴옥세인,폴리메틸실세스퀴옥세인,14,14,폴리메틸실세스퀴옥세인
하이드로제네이티드폴리(C6-14올레핀),하이드로제네이티드폴리c614올레핀,14,14,하이드로제네이티드폴리(C6-14올레핀)
홀리바질잎추출물,홀리바질잎추출물,14,14,홀리바질잎추출물
3-O-에틸아스코빅애씨드,3o에틸아스코빅애씨드,13,13,3-O-에틸아스코빅애씨드
사이클로헥사실록세인,사이클로헥사실록세인,13,13,사이클로헥사실록세인
세라마이드에이피,세라마이드에이피,13,13,세라마이드에이피
소나무잎추출물,소나무잎추출물,13,13,"소나무잎추출물 (400,196ppm) | 소나무잎추출물 (409,785ppm) | 소나무잎추출물 (10.6ppm) | 소나무잎추출물"
치자추출물,치자추출물,13,13,치자추출물
카프릴릴메티콘,카프릴릴메티콘,13,13,카프릴릴메티콘
베헤닐알코올,베헤닐알코올,12,12,베헤닐알코올
병풀잎추출물,병풀잎추출물,12,12,"병풀잎추출물 (10.6ppm) | 병풀잎추출물 | 병풀잎추출물(40 ppm) | 병풀잎추출물(1,750ppb) | 병풀잎추출물(701ppb)"
비닐다이메티콘,비닐다이메티콘,12,12,비닐다이메티콘
세라마이드이오피,세라마이드이오피,12,12,세라마이드이오피
소듐스테아로일글루타메이트,소듐스테아로일글루타메이트,12,12,소듐스테아로일글루타메이트
트라이에톡시카프릴릴실레인,트라이에톡시카프릴릴실레인,12,12,트라이에톡시카프릴릴실레인
폴리글리세릴-10스테아레이트,폴리글리세릴10스테아레이트,12,12,폴리글리세릴-10스테아레이트
피토스핑고신,피토스핑고신,12,12,피토스핑고신
해바라기씨오일,해바라기씨오일,12,12,해바라기씨오일
향료,향료,12,12,향료
황련뿌리추출물,황련뿌리추출물,12,12,황련뿌리추출물
글라이신,글라이신,11,11,글라이신
녹두씨추출물,녹두씨추출물,11,11,녹두씨추출물 | 녹두씨추출물(10ppm) | 녹두씨추출물(5ppm) | 녹두씨추출물(100ppm)
다이메티콘/비닐다이메티콘크로스폴리머,다이메티콘비닐다이메티콘크로스폴리머,11,11,다이메티콘/비닐다이메티콘크로스폴리머
마카다미아씨오일,마카다미아씨오일,11,11,마카다미아씨오일
메틸트라이메티콘,메틸트라이메티콘,11,11,메틸트라이메티콘
베타인살리실레이트,베타인살리실레이트,11,11,베타인살리실레이트 | 베타인살리실레이트(0.5%)
세라마이드에이에스,세라마이드에이에스,11,11,세라마이드에이에스
자일리톨,자일리톨,11,11,자일리톨
트라이소듐에틸렌다이아민다이석시네이트,트라이소듐에틸렌다이아민다이석시네이트,11,11,트라이소듐에틸렌다이아민다이석시네이트
파이토스핑고신,파이토스핑고신,11,11,파이토스핑고신
폴리글리세릴-3다이스테아레이트,폴리글리세릴3다이스테아레이트,11,11,폴리글리세릴-3다이스테아레이트
글루타티온,글루타티온,10,10,글루타티온
글리세릴스테아레이트에스이,글리세릴스테아레이트에스이,10,10,글리세릴스테아레이트에스이
부틸옥틸살리실레이트,부틸옥틸살리실레이트,10,10,부틸옥틸살리실레이트
세틸에틸헥사노에이트,세틸에틸헥사노에이트,10,10,세틸에틸헥사노에이트
아세틸헥사펩타이드-8,아세틸헥사펩타이드8,10,10,아세틸헥사펩타이드-8
알로에베라잎추출물,알로에베라잎추출물,10,10,알로에베라잎추출물
카올린,카올린,10,10,카올린 | 카올린(23%)
프룩토올리고사카라이드,프룩토올리고사카라이드,10,10,프룩토올리고사카라이드
C12-20알킬글루코사이드,c1220알킬글루코사이드,10,10,C12-20알킬글루코사이드
C14-22알코올,c1422알코올,10,10,C14-22알코올
글루타믹애씨드,글루타믹애씨드,9,9,글루타믹애씨드
다이카프릴릴카보네이트,다이카프릴릴카보네이트,9,9,다이카프릴릴카보네이트
로즈마리잎오일,로즈마리잎오일,9,9,로즈마리잎오일
메도우폼씨오일,메도우폼씨오일,9,9,메도우폼씨오일
메틸글루세스-20,메틸글루세스20,9,9,메틸글루세스-20
메틸다이아이소프로필프로피온아마이드,메틸다이아이소프로필프로피온아마이드,9,9,메틸다이아이소프로필프로피온아마이드
바이오사카라이드검-1,바이오사카라이드검1,9,9,바이오사카라이드검-1
산호말추출물,산호말추출물,9,9,산호말추출물
소듐폴리아크릴로일다이메틸타우레이트,소듐폴리아크릴로일다이메틸타우레이트,9,9,소듐폴리아크릴로일다이메틸타우레이트
아세틸글루코사민,아세틸글루코사민,9,9,아세틸글루코사민
아크릴레이트/암모늄메타크릴레이트코폴리머,아크릴레이트암모늄메타크릴레이트코폴리머,9,9,아크릴레이트/암모늄메타크릴레이트코폴리머
올레익애씨드,올레익애씨드,9,9,올레익애씨드
트라이에틸헥사노인,트라이에틸헥사노인,9,9,트라이에틸헥사노인
티트리잎오일,티트리잎오일,9,9,티트리잎오일
페닐트라이메티콘,페닐트라이메티콘,9,9,페닐트라이메티콘
포타슘코코일글리시네이트,포타슘코코일글리시네이트,9,9,포타슘코코일글리시네이트
피브이엠/엠에이코폴리머,피브이엠엠에이코폴리머,9,9,피브이엠/엠에이코폴리머
하이드록시프로필비스팔미타마이드엠이에이,하이드록시프로필비스팔미타마이드엠이에이,9,9,하이드록시프로필비스팔미타마이드엠이에이 | 하이드록시프로필비스팔미타마이드엠이에이(210 ppm)
가지열매추출물,가지열매추출물,8,8,가지열매추출물
녹차추출물,녹차추출물,8,8,녹차추출물
다시마추출물,다시마추출물,8,8,다시마추출물
디에칠아미노하이드록시벤조일헥실벤조에이트,디에칠아미노하이드록시벤조일헥실벤조에이트,8,8,디에칠아미노하이드록시벤조일헥실벤조에이트
말라카이트추출물,말라카이트추출물,8,8,말라카이트추출물
백미꽃추출물,백미꽃추출물,8,8,백미꽃추출물
세라마이드엔에스,세라마이드엔에스,8,8,세라마이드엔에스
소듐메틸코코일타우레이트,소듐메틸코코일타우레이트,8,8,소듐메틸코코일타우레이트
쇠비름추출물,쇠비름추출물,8,8,쇠비름추출물
수크로오스다이스테아레이트,수크로오스다이스테아레이트,8,8,수크로오스다이스테아레이트
아라키딕애씨드,아라키딕애씨드,8,8,아라키딕애씨드
자일리틸글루코사이드,자일리틸글루코사이드,8,8,자일리틸글루코사이드
자작나무수액,자작나무수액,8,8,"자작나무수액 (10,000ppm) | 자작나무수액"
참마뿌리추출물,참마뿌리추출물,8,8,참마뿌리추출물
코코-베타인,코코베타인,8,8,코코-베타인
코코-카프릴레이트/카프레이트,코코카프릴레이트카프레이트,8,8,코코-카프릴레이트/카프레이트
코키니아인디카열매추출물,코키니아인디카열매추출물,8,8,코키니아인디카열매추출물
콩씨추출물,콩씨추출물,8,8,"콩씨추출물 (11,700ppm) | 콩씨추출물 | 콩씨추출물 (10,000ppm) | 콩씨추출물 (1,000ppm) | 콩씨추출물 (5,130ppm)"
트라넥사믹애씨드,트라넥사믹애씨드,8,8,트라넥사믹애씨드 | 트라넥사믹애씨드(0.5%)
폴리글리세릴-10올리에이트,폴리글리세릴10올리에이트,8,8,폴리글리세릴-10올리에이트
하이드록시에틸우레아,하이드록시에틸우레아,8,8,하이드록시에틸우레아
하이드록시프로필스타치포스페이트,하이드록시프로필스타치포스페이트,8,8,하이드록시프로필스타치포스페이트
호호바씨오일,호호바씨오일,8,8,호호바씨오일
녹두싹추출물,녹두싹추출물,7,7,녹두싹추출물(10ppm) | 녹두싹추출물 | 녹두싹추출물(0.1ppm) | 녹두싹추출물(5ppm)
녹차잎추출물,녹차잎추출물,7,7,녹차잎추출물
다이메티콘올,다이메티콘올,7,7,다이메티콘올
다이메틸실란올하이알루로네이트,다이메틸실란올하이알루로네이트,7,7,다이메틸실란올하이알루로네이트 | 다이메틸실란올하이알루로네이트(15ppb)
다이부틸아디페이트,다이부틸아디페이트,7,7,다이부틸아디페이트
다이소듐코코암포다이아세테이트,다이소듐코코암포다이아세테이트,7,7,다이소듐코코암포다이아세테이트
말토덱스트린,말토덱스트린,7,7,말토덱스트린
베타-시토스테롤,베타시토스테롤,7,7,베타-시토스테롤
비스-에칠헥실옥시페놀메톡시페닐트리아진,비스에칠헥실옥시페놀메톡시페닐트리아진,7,7,비스-에칠헥실옥시페놀메톡시페닐트리아진
세린,세린,7,7,세린
셀룰로오스검,셀룰로오스검,7,7,셀룰로오스검
소듐락테이트,소듐락테이트,7,7,소듐락테이트
알라닌,알라닌,7,7,알라닌
약모밀추출물,약모밀추출물,7,7,약모밀추출물 | 약모밀추출물(100ppm)
에칠헥실트리아존,에칠헥실트리아존,7,7,에칠헥실트리아존
에틸헥산다이올,에틸헥산다이올,7,7,에틸헥산다이올
에틸헥실팔미테이트,에틸헥실팔미테이트,7,7,에틸헥실팔미테이트
카카오추출물,카카오추출물,7,7,카카오추출물
토코페릴아세테이트,토코페릴아세테이트,7,7,토코페릴아세테이트
트레오닌,트레오닌,7,7,트레오닌
파이토스테롤,파이토스테롤,7,7,파이토스테롤
팔미토일펜타펩타이드-4,팔미토일펜타펩타이드4,7,7,팔미토일펜타펩타이드-4
편백수,편백수,7,7,편백수
폴리글리세린-3,폴리글리세린3,7,7,폴리글리세린-3
폴리솔베이트20,폴리솔베이트20,7,7,폴리솔베이트20
폴리아크릴레이트크로스폴리머-6,폴리아크릴레이트크로스폴리머6,7,7,폴리아크릴레이트크로스폴리머-6
폴리쿼터늄-51,폴리쿼터늄51,7,7,폴리쿼터늄-51
폴리쿼터늄-67,폴리쿼터늄67,7,7,폴리쿼터늄-67
프롤린,프롤린,7,7,프롤린
피토스테롤,피토스테롤,7,7,피토스테롤
"2,3-부탄다이올",23부탄다이올,6,6,"2,3-부탄다이올"
글라이콜릭애씨드,글라이콜릭애씨드,6,6,글라이콜릭애씨드
노니열매추출물,노니열매추출물,6,6,노니열매추출물(0.8%) | 노니열매추출물(0.7%) | 노니열매추출물(0.1%) | 노니열매추출물(0.5%)
느릅나무뿌리추출물,느릅나무뿌리추출물,6,6,느릅나무뿌리추출물
다이스테아다이모늄헥토라이트,다이스테아다이모늄헥토라이트,6,6,다이스테아다이모늄헥토라이트
다이아이소스테아릴말레이트,다이아이소스테아릴말레이트,6,6,다이아이소스테아릴말레이트
다이에톡시에틸석시네이트,다이에톡시에틸석시네이트,6,6,다이에톡시에틸석시네이트
달맞이꽃꽃추출물,달맞이꽃꽃추출물,6,6,달맞이꽃꽃추출물
달팽이점액여과물,달팽이점액여과물,6,6,"달팽이점액여과물 | 달팽이점액여과물(10,000 ppm) | 달팽이점액여과물(2,000ppm)"
당느릅나무뿌리추출물,당느릅나무뿌리추출물,6,6,당느릅나무뿌리추출물
라우릴하이드록시설테인,라우릴하이드록시설테인,6,6,라우릴하이드록시설테인
무화과추출물,무화과추출물,6,6,무화과추출물
밤껍질추출물,밤껍질추출물,6,6,밤껍질추출물
부틸렌글라이콜다이카프릴레이트/다이카프레이트,부틸렌글라이콜다이카프릴레이트다이카프레이트,6,6,부틸렌글라이콜다이카프릴레이트/다이카프레이트
비사보롤,비사보롤,6,6,비사보롤
비피다발효용해물,비피다발효용해물,6,6,비피다발효용해물
사과추출물,사과추출물,6,6,사과추출물
사탕수수추출물,사탕수수추출물,6,6,사탕수수추출물
세테아릴글루코사이드,세테아릴글루코사이드,6,6,세테아릴글루코사이드
소듐아세테이트,소듐아세테이트,6,6,소듐아세테이트
소듐코코일아이세티오네이트,소듐코코일아이세티오네이트,6,6,소듐코코일아이세티오네이트
소듐하이알루로네이트다이메틸실란올,소듐하이알루로네이트다이메틸실란올,6,6,소듐하이알루로네이트다이메틸실란올 | 소듐하이알루로네이트다이메틸실란올(5ppb)
수크로오스,수크로오스,6,6,수크로오스
시아노코발라민,시아노코발라민,6,6,시아노코발라민
아이소도데케인,아이소도데케인,6,6,아이소도데케인
알로에베라꽃추출물,알로에베라꽃추출물,6,6,알로에베라꽃추출물
어성초추출물,어성초추출물,6,6,"어성초추출물 (10,699ppm) | 어성초추출물 | 어성초추출물 (70%)"
징크피씨에이,징크피씨에이,6,6,징크피씨에이
칡뿌리추출물,칡뿌리추출물,6,6,칡뿌리추출물
카퍼트라이펩타이드-1,카퍼트라이펩타이드1,6,6,카퍼트라이펩타이드-1
팔미토일트라이펩타이드-1,팔미토일트라이펩타이드1,6,6,팔미토일트라이펩타이드-1
페녹시에탄올,페녹시에탄올,6,6,페녹시에탄올
포도씨오일,포도씨오일,6,6,포도씨오일
포타슘벤조에이트,포타슘벤조에이트,6,6,포타슘벤조에이트
하이드록시에틸셀룰로오스,하이드록시에틸셀룰로오스,6,6,하이드록시에틸셀룰로오스
글라이코리피드,글라이코리피드,5,5,글라이코리피드
다이페닐다이메티콘,다이페닐다이메티콘,5,5,다이페닐다이메티콘
당단백질,당단백질,5,5,당단백질 (8.1800ppm) | 당단백질 | 당단백질 (8.3760ppm) | 당단백질 (0.2ppm)
라벤더꽃추출물,라벤더꽃추출물,5,5,라벤더꽃추출물
라이신,라이신,5,5,라이신
락토바실러스/소이밀크발효여과물,락토바실러스소이밀크발효여과물,5,5,"락토바실러스/소이밀크발효여과물 | 락토바실러스/소이밀크발효여과물(1,000ppb)"
리모넨,리모넨,5,5,리모넨
마그네슘설페이트,마그네슘설페이트,5,5,마그네슘설페이트
맥아추출물,맥아추출물,5,5,맥아추출물
모란뿌리추출물,모란뿌리추출물,5,5,모란뿌리추출물
변성알코올,변성알코올,5,5,변성알코올
사이클로펜타실록세인,사이클로펜타실록세인,5,5,사이클로펜타실록세인
석시닉애씨드,석시닉애씨드,5,5,석시닉애씨드
소듐디엔에이,소듐디엔에이,5,5,소듐디엔에이 | 소듐디엔에이(100ppm)
소듐서팩틴,소듐서팩틴,5,5,소듐서팩틴
소듐아크릴레이트/소듐아크릴로일다이메틸타우레이트코폴리머,소듐아크릴레이트소듐아크릴로일다이메틸타우레이트코폴리머,5,5,소듐아크릴레이트/소듐아크릴로일다이메틸타우레이트코폴리머
솔비탄올리에이트,솔비탄올리에이트,5,5,솔비탄올리에이트
솔비톨,솔비톨,5,5,솔비톨
수용성콜라겐,수용성콜라겐,5,5,수용성콜라겐 | 수용성콜라겐(1 ppb)
스피어민트추출물,스피어민트추출물,5,5,스피어민트추출물
스핑고리피드,스핑고리피드,5,5,스핑고리피드
아라키딜글루코사이드,아라키딜글루코사이드,5,5,아라키딜글루코사이드
아라키딜알코올,아라키딜알코올,5,5,아라키딜알코올
아스파틱애씨드,아스파틱애씨드,5,5,아스파틱애씨드
아이리쉬모스추출물,아이리쉬모스추출물,5,5,아이리쉬모스추출물
아이소노닐아이소노나노에이트,아이소노닐아이소노나노에이트,5,5,아이소노닐아이소노나노에이트
아이소펜틸다이올,아이소펜틸다이올,5,5,아이소펜틸다이올
아크릴레이트코폴리머,아크릴레이트코폴리머,5,5,아크릴레이트코폴리머
안하이드록시자일리톨,안하이드록시자일리톨,5,5,안하이드록시자일리톨
옥수수전분,옥수수전분,5,5,옥수수전분
접시꽃꽃추출물,접시꽃꽃추출물,5,5,접시꽃꽃추출물
접시꽃추출물,접시꽃추출물,5,5,접시꽃추출물
제비꽃꽃추출물,제비꽃꽃추출물,5,5,제비꽃꽃추출물
젤란검,젤란검,5,5,젤란검
징크옥사이드,징크옥사이드,5,5,징크옥사이드
참산호말추출물,참산호말추출물,5,5,참산호말추출물
치자열매추출물,치자열매추출물,5,5,치자열매추출물
캐모마일꽃추출물,캐모마일꽃추출물,5,5,캐모마일꽃추출물 | 캐모마일꽃추출물(515ppm)
코코-글루코사이드,코코글루코사이드,5,5,코코-글루코사이드
티트리잎수,티트리잎수,5,5,티트리잎수
펜타에리스리틸테트라아이소스테아레이트,펜타에리스리틸테트라아이소스테아레이트,5,5,펜타에리스리틸테트라아이소스테아레이트
포타슘세틸포스페이트,포타슘세틸포스페이트,5,5,포타슘세틸포스페이트
포타슘하이드록사이드,포타슘하이드록사이드,5,5,포타슘하이드록사이드
폴리글루타믹애씨드,폴리글루타믹애씨드,5,5,폴리글루타믹애씨드
폴리글리세릴-3폴리다이메틸실록시에틸다이메티콘,폴리글리세릴3폴리다이메틸실록시에틸다이메티콘,5,5,폴리글리세릴-3폴리다이메틸실록시에틸다이메티콘
프랑스해안송껍질추출물,프랑스해안송껍질추출물,5,5,프랑스해안송껍질추출물
프로폴리스추출물,프로폴리스추출물,5,5,프로폴리스추출물
하이드로제네이티드폴리아이소부텐,하이드로제네이티드폴리아이소부텐,5,5,하이드로제네이티드폴리아이소부텐
해수,해수,5,5,해수
헥실렌글라이콜,헥실렌글라이콜,5,5,헥실렌글라이콜
흰목이버섯폴리사카라이드,흰목이버섯폴리사카라이드,5,5,흰목이버섯폴리사카라이드
7-데하이드로콜레스테롤,7데하이드로콜레스테롤,4,4,7-데하이드로콜레스테롤
글라이코스핑고리피드,글라이코스핑고리피드,4,4,글라이코스핑고리피드
글리세릴폴리메타크릴레이트,글리세릴폴리메타크릴레이트,4,4,글리세릴폴리메타크릴레이트
노니씨오일,노니씨오일,4,4,"노니씨오일(200ppm) | 노니씨오일(100ppm) | 노니씨오일(10,000ppm) | 노니씨오일(0.1ppm)"
다이펜타에리스리틸헥사C5-9애씨드에스터,다이펜타에리스리틸헥사c59애씨드에스터,4,4,다이펜타에리스리틸헥사C5-9애씨드에스터
다이펩타이드다이아미노부티로일벤질아마이드다이아세테이트,다이펩타이드다이아미노부티로일벤질아마이드다이아세테이트,4,4,다이펩타이드다이아미노부티로일벤질아마이드다이아세테이트
데실글루코사이드,데실글루코사이드,4,4,데실글루코사이드
라우릴글루코사이드,라우릴글루코사이드,4,4,라우릴글루코사이드
라우릴베타인,라우릴베타인,4,4,라우릴베타인
라우릴폴리글리세릴-3폴리다이메틸실록시에틸다이메티콘,라우릴폴리글리세릴3폴리다이메틸실록시에틸다이메티콘,4,4,라우릴폴리글리세릴-3폴리다이메틸실록시에틸다이메티콘
레시틴,레시틴,4,4,레시틴
류신,류신,4,4,류신
리날룰,리날룰,4,4,리날룰
메티오닌,메티오닌,4,4,메티오닌
메틸메타크릴레이트크로스폴리머,메틸메타크릴레이트크로스폴리머,4,4,메틸메타크릴레이트크로스폴리머
미네랄솔트,미네랄솔트,4,4,미네랄솔트 | 미네랄솔트(10ppm)
밀몽화꽃추출물,밀몽화꽃추출물,4,4,밀몽화꽃추출물
발린,발린,4,4,발린
복숭아꽃추출물,복숭아꽃추출물,4,4,복숭아꽃추출물
세틸알코올,세틸알코올,4,4,세틸알코올
소듐라우로일글루타메이트,소듐라우로일글루타메이트,4,4,소듐라우로일글루타메이트
소듐벤조에이트,소듐벤조에이트,4,4,소듐벤조에이트
소듐코코일이세티오네이트,소듐코코일이세티오네이트,4,4,소듐코코일이세티오네이트
소듐C14-16올레핀설포네이트,소듐c1416올레핀설포네이트,4,4,소듐C14-16올레핀설포네이트
솔비탄세스퀴올리에이트,솔비탄세스퀴올리에이트,4,4,솔비탄세스퀴올리에이트
시스테인,시스테인,4,4,시스테인
쑥잎추출물,쑥잎추출물,4,4,쑥잎추출물 (240ppm) | 쑥잎추출물 (800ppm) | 쑥잎추출물
쓴풀추출물,쓴풀추출물,4,4,쓴풀추출물
아이소류신,아이소류신,4,4,아이소류신
알루미늄하이드록사이드,알루미늄하이드록사이드,4,4,알루미늄하이드록사이드
알파-알부틴,알파알부틴,4,4,알파-알부틴
암모늄폴리아크릴로일다이메틸타우레이트,암모늄폴리아크릴로일다이메틸타우레이트,4,4,암모늄폴리아크릴로일다이메틸타우레이트
에리스리톨,에리스리톨,4,4,에리스리톨
에탄올,에탄올,4,4,에탄올
엑토인,엑토인,4,4,엑토인
옥틸도데칸올,옥틸도데칸올,4,4,옥틸도데칸올
올리브열매오일,올리브열매오일,4,4,올리브열매오일
카라멜,카라멜,4,4,카라멜
카페인,카페인,4,4,카페인
칼슘클로라이드,칼슘클로라이드,4,4,칼슘클로라이드
코코넛애씨드,코코넛애씨드,4,4,코코넛애씨드
코토니추출물,코토니추출물,4,4,코토니추출물
콩오일,콩오일,4,4,콩오일
타라열매추출물,타라열매추출물,4,4,타라열매추출물
타이로신,타이로신,4,4,타이로신
트라이펩타이드-1,트라이펩타이드1,4,4,트라이펩타이드-1
티타늄디옥사이드,티타늄디옥사이드,4,4,티타늄디옥사이드
팔미토일테트라펩타이드-7,팔미토일테트라펩타이드7,4,4,팔미토일테트라펩타이드-7
팔미토일트라이펩타이드-5,팔미토일트라이펩타이드5,4,4,팔미토일트라이펩타이드-5
팜오일,팜오일,4,4,팜오일
페닐알라닌,페닐알라닌,4,4,페닐알라닌
폴리글리세릴-4카프레이트,폴리글리세릴4카프레이트,4,4,폴리글리세릴-4카프레이트
폴리아이소부텐,폴리아이소부텐,4,4,폴리아이소부텐
폴리하이드록시스테아릭애씨드,폴리하이드록시스테아릭애씨드,4,4,폴리하이드록시스테아릭애씨드
푸른연꽃꽃추출물,푸른연꽃꽃추출물,4,4,푸른연꽃꽃추출물
프로필렌글라이콜,프로필렌글라이콜,4,4,프로필렌글라이콜
프로필헵틸카프릴레이트,프로필헵틸카프릴레이트,4,4,프로필헵틸카프릴레이트
프룩토오스,프룩토오스,4,4,프룩토오스
하이드록시프로필비스라우라마이드엠이에이,하이드록시프로필비스라우라마이드엠이에이,4,4,하이드록시프로필비스라우라마이드엠이에이
헥사펩타이드-9,헥사펩타이드9,4,4,헥사펩타이드-9
황련추출물,황련추출물,4,4,황련추출물
효모발효여과물,효모발효여과물,4,4,효모발효여과물
히스티딘,히스티딘,4,4,히스티딘
C12-14알케스-12,c1214알케스12,4,4,C12-14알케스-12
C12-15알킬벤조에이트,c1215알킬벤조에이트,4,4,C12-15알킬벤조에이트
갈락토미세스발효여과물,갈락토미세스발효여과물,3,3,갈락토미세스발효여과물
감나무잎추출물,감나무잎추출물,3,3,감나무잎추출물
검정콩추출물,검정콩추출물,3,3,검정콩추출물
결명자씨추출물,결명자씨추출물,3,3,결명자씨추출물
구주소나무잎오일,구주소나무잎오일,3,3,구주소나무잎오일
꿀추출물,꿀추출물,3,3,꿀추출물
네오펜틸글라이콜다이헵타노에이트,네오펜틸글라이콜다이헵타노에이트,3,3,네오펜틸글라이콜다이헵타노에이트
녹두전초추출물,녹두전초추출물,3,3,녹두전초추출물(10ppm)
녹차수,녹차수,3,3,녹차수
녹차씨오일,녹차씨오일,3,3,녹차씨오일
다이글리세린,다이글리세린,3,3,다이글리세린
다이카프릴릴에터,다이카프릴릴에터,3,3,다이카프릴릴에터
당근뿌리추출물,당근뿌리추출물,3,3,당근뿌리추출물
락틱애씨드,락틱애씨드,3,3,락틱애씨드
레몬즙,레몬즙,3,3,레몬즙
로만캐모마일꽃오일,로만캐모마일꽃오일,3,3,로만캐모마일꽃오일
멘톡시프로판다이올,멘톡시프로판다이올,3,3,멘톡시프로판다이올
미결정셀룰로오스,미결정셀룰로오스,3,3,미결정셀룰로오스
밀싹추출물,밀싹추출물,3,3,밀싹추출물
베타-카로틴,베타카로틴,3,3,베타-카로틴
복숭아열매수,복숭아열매수,3,3,복숭아열매수 (77%)
복숭아열매추출물,복숭아열매추출물,3,3,복숭아열매추출물
비닐다이메티콘/메티콘실세스퀴옥세인크로스폴리머,비닐다이메티콘메티콘실세스퀴옥세인크로스폴리머,3,3,비닐다이메티콘/메티콘실세스퀴옥세인크로스폴리머
비파나무잎추출물,비파나무잎추출물,3,3,비파나무잎추출물
사카라이드하이드롤리세이트,사카라이드하이드롤리세이트,3,3,사카라이드하이드롤리세이트
삼나무잎추출물,삼나무잎추출물,3,3,삼나무잎추출물
상황버섯추출물,상황버섯추출물,3,3,상황버섯추출물
세라마이드엔지,세라마이드엔지,3,3,세라마이드엔지
세이지오일,세이지오일,3,3,세이지오일
셀룰로오스,셀룰로오스,3,3,셀룰로오스
소듐메타포스페이트,소듐메타포스페이트,3,3,소듐메타포스페이트
소듐설파이트,소듐설파이트,3,3,소듐설파이트
소듐코코일글리시네이트,소듐코코일글리시네이트,3,3,소듐코코일글리시네이트
소듐코코일알라니네이트,소듐코코일알라니네이트,3,3,소듐코코일알라니네이트
소듐트라이메타포스페이트,소듐트라이메타포스페이트,3,3,소듐트라이메타포스페이트
소듐피씨에이,소듐피씨에이,3,3,소듐피씨에이
솔베스-30테트라올리에이트,솔베스30테트라올리에이트,3,3,솔베스-30테트라올리에이트
스테아릴알코올,스테아릴알코올,3,3,스테아릴알코올
쌀겨수,쌀겨수,3,3,쌀겨수 | 쌀겨수 (71%)
쌀겨오일,쌀겨오일,3,3,쌀겨오일
쌀추출물,쌀추출물,3,3,"쌀추출물 | 쌀추출물 (3,753ppm)"
쑥추출물,쑥추출물,3,3,"쑥추출물 (11,760ppm) | 쑥추출물 (10,045ppm) | 쑥추출물 (10,094ppm)"
아스코빌글루코사이드,아스코빌글루코사이드,3,3,아스코빌글루코사이드
아이비고드열매추출물,아이비고드열매추출물,3,3,아이비고드열매추출물
안하이드로자일리톨,안하이드로자일리톨,3,3,안하이드로자일리톨
알부틴,알부틴,3,3,알부틴
애플민트잎추출물,애플민트잎추출물,3,3,애플민트잎추출물
어성초꽃/잎/줄기수,어성초꽃잎줄기수,3,3,어성초꽃/잎/줄기수
에틸헥실스테아레이트,에틸헥실스테아레이트,3,3,에틸헥실스테아레이트
연꽃잎추출물,연꽃잎추출물,3,3,연꽃잎추출물
옥틸도데세스-16,옥틸도데세스16,3,3,옥틸도데세스-16
올리브오일,올리브오일,3,3,올리브오일
위치하젤추출물,위치하젤추출물,3,3,위치하젤추출물
카프릴릴/카프릴글루코사이드,카프릴릴카프릴글루코사이드,3,3,카프릴릴/카프릴글루코사이드
캐모마일꽃오일,캐모마일꽃오일,3,3,캐모마일꽃오일
케이프알로에잎추출물,케이프알로에잎추출물,3,3,케이프알로에잎추출물
클로페네신,클로페네신,3,3,클로페네신
토코트리에놀,토코트리에놀,3,3,토코트리에놀
티타늄디옥사이드 (CI 77891),티타늄디옥사이드ci77891,3,3,티타늄디옥사이드 (CI 77891)
티트리잎추출물,티트리잎추출물,3,3,티트리잎추출물
파스향나무잎추출물,파스향나무잎추출물,3,3,파스향나무잎추출물 | 파스향나무잎추출물(100ppb)
판토락톤,판토락톤,3,3,판토락톤
판토테닉애씨드,판토테닉애씨드,3,3,판토테닉애씨드
팥씨추출물,팥씨추출물,3,3,팥씨추출물
팥추출물,팥추출물,3,3,팥추출물 | 팥추출물(300ppm)
펜타에리스리틸테트라에틸헥사노에이트,펜타에리스리틸테트라에틸헥사노에이트,3,3,펜타에리스리틸테트라에틸헥사노에이트
편백잎추출물,편백잎추출물,3,3,편백잎추출물
포스파티딜콜린,포스파티딜콜린,3,3,포스파티딜콜린
폴리글리세릴-2다이폴리하이드록시스테아레이트,폴리글리세릴2다이폴리하이드록시스테아레이트,3,3,폴리글리세릴-2다이폴리하이드록시스테아레이트
폴리솔베이트60,폴리솔베이트60,3,3,폴리솔베이트60
폴리실리콘-15,폴리실리콘15,3,3,폴리실리콘-15
폴리C10-30알킬아크릴레이트,폴리c1030알킬아크릴레이트,3,3,폴리C10-30알킬아크릴레이트
피씨에이,피씨에이,3,3,피씨에이
피이지-100스테아레이트,피이지100스테아레이트,3,3,피이지-100스테아레이트
하이드록시스테아릭애씨드,하이드록시스테아릭애씨드,3,3,하이드록시스테아릭애씨드
하이드롤라이즈드옥수수전분,하이드롤라이즈드옥수수전분,3,3,하이드롤라이즈드옥수수전분
하이드롤라이즈드익스텐신,하이드롤라이즈드익스텐신,3,3,하이드롤라이즈드익스텐신 | 하이드롤라이즈드익스텐신(3ppm)
한련초잎추출물,한련초잎추출물,3,3,한련초잎추출물
한련초추출물,한련초추출물,3,3,한련초추출물
합성왁스,합성왁스,3,3,합성왁스
헵틸운데실레네이트,헵틸운데실레네이트,3,3,헵틸운데실레네이트
호장근뿌리추출물,호장근뿌리추출물,3,3,호장근뿌리추출물
황색산화철,황색산화철,3,3,황색산화철
흰버드나무껍질추출물,흰버드나무껍질추출물,3,3,흰버드나무껍질추출물
C12-14파레스-12,c1214파레스12,3,3,C12-14파레스-12
C12-16알코올,c1216알코올,3,3,C12-16알코올
t-부틸알코올,t부틸알코올,3,3,t-부틸알코올
4-터피네올,4터피네올,2,2,4-터피네올
가수분해치자추출물,가수분해치자추출물,2,2,가수분해치자추출물
감초뿌리추출물,감초뿌리추출물,2,2,감초뿌리추출물
개똥쑥추출물,개똥쑥추출물,2,2,개똥쑥추출물
귤껍질추출물,귤껍질추출물,2,2,귤껍질추출물
글라이콜다이스테아레이트,글라이콜다이스테아레이트,2,2,글라이콜다이스테아레이트
글리세레스-25피씨에이아이소스테아레이트,글리세레스25피씨에이아이소스테아레이트,2,2,글리세레스-25피씨에이아이소스테아레이트
꽃가루추출물,꽃가루추출물,2,2,꽃가루추출물
녹두가루,녹두가루,2,2,"녹두가루(9,000ppm) | 녹두가루(6,099ppm)"
다마스크장미꽃수,다마스크장미꽃수,2,2,다마스크장미꽃수
다발방패버섯추출물,다발방패버섯추출물,2,2,다발방패버섯추출물
다이메티코놀,다이메티코놀,2,2,다이메티코놀
다이메티콘크로스폴리머,다이메티콘크로스폴리머,2,2,다이메티콘크로스폴리머
다이소듐라우레스설포석시네이트,다이소듐라우레스설포석시네이트,2,2,다이소듐라우레스설포석시네이트
다이펩타이드-2,다이펩타이드2,2,2,다이펩타이드-2
달맞이꽃오일,달맞이꽃오일,2,2,달맞이꽃오일
당호박추출물,당호박추출물,2,2,당호박추출물
대왕소나무잎추출물,대왕소나무잎추출물,2,2,대왕소나무잎추출물
돌콩오일불검화물,돌콩오일불검화물,2,2,돌콩오일불검화물
동백나무잎추출물,동백나무잎추출물,2,2,동백나무잎추출물
드럼스틱씨오일,드럼스틱씨오일,2,2,드럼스틱씨오일
라이신에이치씨엘,라이신에이치씨엘,2,2,라이신에이치씨엘
라피노오스,라피노오스,2,2,라피노오스
레티놀,레티놀,2,2,레티놀 (0.1%) | 레티놀 (0.3%)
루틴,루틴,2,2,루틴
류코노스톡/무발효여과물,류코노스톡무발효여과물,2,2,류코노스톡/무발효여과물
마이크로크리스탈린셀룰로오스,마이크로크리스탈린셀룰로오스,2,2,마이크로크리스탈린셀룰로오스
마이크로크리스탈린왁스,마이크로크리스탈린왁스,2,2,마이크로크리스탈린왁스
마트리카리아꽃오일,마트리카리아꽃오일,2,2,마트리카리아꽃오일
만델릭애씨드,만델릭애씨드,2,2,만델릭애씨드
매실열매수,매실열매수,2,2,매실열매수
메틸글루세스-10,메틸글루세스10,2,2,메틸글루세스-10
멕시칸치아씨추출물,멕시칸치아씨추출물,2,2,멕시칸치아씨추출물
멘틸락테이트,멘틸락테이트,2,2,멘틸락테이트
모링가씨오일,모링가씨오일,2,2,모링가씨오일
무화과열매추출물,무화과열매추출물,2,2,무화과열매추출물
미리스틸글루코사이드,미리스틸글루코사이드,2,2,미리스틸글루코사이드
밀배아오일불검화물,밀배아오일불검화물,2,2,밀배아오일불검화물
바오밥나무씨오일,바오밥나무씨오일,2,2,바오밥나무씨오일
배열매추출물,배열매추출물,2,2,배열매추출물
베르가모트열매오일,베르가모트열매오일,2,2,베르가모트열매오일
벤질글라이콜,벤질글라이콜,2,2,벤질글라이콜
벤토나이트,벤토나이트,2,2,벤토나이트(7.5%) | 벤토나이트
병풀뿌리추출물,병풀뿌리추출물,2,2,병풀뿌리추출물
보론나이트라이드,보론나이트라이드,2,2,보론나이트라이드
비스-다이글리세릴폴리아실아디페이트-2,비스다이글리세릴폴리아실아디페이트2,2,2,비스-다이글리세릴폴리아실아디페이트-2
비타민나무열매오일,비타민나무열매오일,2,2,비타민나무열매오일
비타민나무열매추출물,비타민나무열매추출물,2,2,비타민나무열매추출물
비피다발효여과물,비피다발효여과물,2,2,비피다발효여과물
빙하수,빙하수,2,2,빙하수
사과열매수,사과열매수,2,2,사과열매수
사카로미세스발효물,사카로미세스발효물,2,2,사카로미세스발효물
사카로미세스발효여과물,사카로미세스발효여과물,2,2,사카로미세스발효여과물
센티드제라늄꽃오일,센티드제라늄꽃오일,2,2,센티드제라늄꽃오일
소두구씨오일,소두구씨오일,2,2,소두구씨오일
소듐글루코네이트,소듐글루코네이트,2,2,소듐글루코네이트
소듐메틸스테아로일타우레이트,소듐메틸스테아로일타우레이트,2,2,소듐메틸스테아로일타우레이트
소듐아이세티오네이트,소듐아이세티오네이트,2,2,소듐아이세티오네이트
소듐이세티오네이트,소듐이세티오네이트,2,2,소듐이세티오네이트
소듐코코일글라이시네이트,소듐코코일글라이시네이트,2,2,소듐코코일글라이시네이트
소듐코코일글루타메이트,소듐코코일글루타메이트,2,2,소듐코코일글루타메이트
소듐하이드록사이드,소듐하이드록사이드,2,2,소듐하이드록사이드
소목줄기가루,소목줄기가루,2,2,소목줄기가루
솔비탄스테아레이트,솔비탄스테아레이트,2,2,솔비탄스테아레이트
수크로오스스테아레이트,수크로오스스테아레이트,2,2,수크로오스스테아레이트
수크로오스팔미테이트,수크로오스팔미테이트,2,2,수크로오스팔미테이트
쌀겨왁스,쌀겨왁스,2,2,쌀겨왁스
쌀씨단백질,쌀씨단백질,2,2,"쌀씨단백질 (3,000ppb) | 쌀씨단백질"
아르간씨오일,아르간씨오일,2,2,아르간씨오일
아미노부티릭애씨드,아미노부티릭애씨드,2,2,아미노부티릭애씨드
아스코빌팔미테이트,아스코빌팔미테이트,2,2,아스코빌팔미테이트
아이비잎/줄기추출물,아이비잎줄기추출물,2,2,아이비잎/줄기추출물
아이소프로필팔미테이트,아이소프로필팔미테이트,2,2,아이소프로필팔미테이트
알루미늄/마그네슘하이드록사이드스테아레이트,알루미늄마그네슘하이드록사이드스테아레이트,2,2,알루미늄/마그네슘하이드록사이드스테아레이트
에난티아 클로란타껍질추출물,에난티아클로란타껍질추출물,2,2,에난티아 클로란타껍질추출물
에칠헥실살리실레이트,에칠헥실살리실레이트,2,2,에칠헥실살리실레이트
옥수수커넬추출물,옥수수커넬추출물,2,2,옥수수커넬추출물
옥탄다이올,옥탄다이올,2,2,옥탄다이올
올레아놀릭애씨드,올레아놀릭애씨드,2,2,올레아놀릭애씨드
올리고펩타이드-1,올리고펩타이드1,2,2,올리고펩타이드-1
올리고펩타이드-2,올리고펩타이드2,2,2,올리고펩타이드-2
올리브오일불검화물,올리브오일불검화물,2,2,올리브오일불검화물
우엉뿌리추출물,우엉뿌리추출물,2,2,우엉뿌리추출물
울트라마린,울트라마린,2,2,울트라마린
유칼립투스잎추출물,유칼립투스잎추출물,2,2,유칼립투스잎추출물
이눌린라우릴카바메이트,이눌린라우릴카바메이트,2,2,이눌린라우릴카바메이트
잇꽃꽃추출물,잇꽃꽃추출물,2,2,잇꽃꽃추출물
적색산화철,적색산화철,2,2,적색산화철
적색산화철(CI 77491),적색산화철ci77491,2,2,적색산화철(CI 77491) | 적색산화철 (CI 77491)
제라니올,제라니올,2,2,제라니올
카나우바왁스,카나우바왁스,2,2,카나우바왁스
카나우바왁스추출물,카나우바왁스추출물,2,2,카나우바왁스추출물
카프로익애씨드,카프로익애씨드,2,2,카프로익애씨드
칸디다 봄비콜라/글루코오스/메틸레이프씨데이트발효물,칸디다봄비콜라글루코오스메틸레이프씨데이트발효물,2,2,칸디다 봄비콜라/글루코오스/메틸레이프씨데이트발효물
칼라민,칼라민,2,2,칼라민
코치닐선인장열매추출물,코치닐선인장열매추출물,2,2,코치닐선인장열매추출물
코카미도프로필베타인,코카미도프로필베타인,2,2,코카미도프로필베타인
콜라겐추출물,콜라겐추출물,2,2,콜라겐추출물(100 ppm) | 콜라겐추출물
퀸즈랜드넛오일,퀸즈랜드넛오일,2,2,퀸즈랜드넛오일
퀼라야나무껍질추출물,퀼라야나무껍질추출물,2,2,퀼라야나무껍질추출물
클로렐라 불가리스추출물,클로렐라불가리스추출물,2,2,클로렐라 불가리스추출물 | 클로렐라불가리스추출물
클로렐라추출물,클로렐라추출물,2,2,클로렐라추출물
타임추출물,타임추출물,2,2,타임추출물
테트라아세틸피토스핑고신,테트라아세틸피토스핑고신,2,2,테트라아세틸피토스핑고신
트라이데세스-10,트라이데세스10,2,2,트라이데세스-10
티몰트라이메톡시신나메이트,티몰트라이메톡시신나메이트,2,2,티몰트라이메톡시신나메이트
파파인,파파인,2,2,파파인
팥씨가루,팥씨가루,2,2,팥씨가루
페네틸알코올,페네틸알코올,2,2,페네틸알코올
펜타에리스리틸테트라-다이-t-부틸하이드록시하이드로신나메이트,펜타에리스리틸테트라다이t부틸하이드록시하이드로신나메이트,2,2,펜타에리스리틸테트라-다이-t-부틸하이드록시하이드로신나메이트
포도추출물,포도추출물,2,2,포도추출물
포스포리피드,포스포리피드,2,2,포스포리피드
포타슘라우레이트,포타슘라우레이트,2,2,포타슘라우레이트
포타슘코코에이트,포타슘코코에이트,2,2,포타슘코코에이트
폴리글리세릴-2스테아레이트,폴리글리세릴2스테아레이트,2,2,폴리글리세릴-2스테아레이트
폴리글리세릴-4다이아이소스테아레이트/폴리하이드록시스테아레이트/세바케이트,폴리글리세릴4다이아이소스테아레이트폴리하이드록시스테아레이트세바케이트,2,2,폴리글리세릴-4다이아이소스테아레이트/폴리하이드록시스테아레이트/세바케이트
폴리글리세릴-4올리에이트,폴리글리세릴4올리에이트,2,2,폴리글리세릴-4올리에이트
폴리글리세릴-6라우레이트,폴리글리세릴6라우레이트,2,2,폴리글리세릴-6라우레이트
폴리글리세릴-6폴리리시놀리에이트,폴리글리세릴6폴리리시놀리에이트,2,2,폴리글리세릴-6폴리리시놀리에이트
폴리솔베이트80,폴리솔베이트80,2,2,폴리솔베이트80
폴리실리콘-11,폴리실리콘11,2,2,폴리실리콘-11
폴리아크릴레이트-13,폴리아크릴레이트13,2,2,폴리아크릴레이트-13
폴리에터-1,폴리에터1,2,2,폴리에터-1
폴리에틸렌,폴리에틸렌,2,2,폴리에틸렌
풀루란,풀루란,2,2,풀루란
프로테아제,프로테아제,2,2,프로테아제
프룩탄,프룩탄,2,2,프룩탄
하이드록시신나믹애씨드,하이드록시신나믹애씨드,2,2,하이드록시신나믹애씨드
하이드록시프로필메틸셀룰로오스,하이드록시프로필메틸셀룰로오스,2,2,하이드록시프로필메틸셀룰로오스
하이드록시프로필메틸셀룰로오스스테아록시에터,하이드록시프로필메틸셀룰로오스스테아록시에터,2,2,하이드록시프로필메틸셀룰로오스스테아록시에터
하이드롤라이즈드글라이코사미노글리칸,하이드롤라이즈드글라이코사미노글리칸,2,2,하이드롤라이즈드글라이코사미노글리칸
하이드롤라이즈드맥아추출물,하이드롤라이즈드맥아추출물,2,2,하이드롤라이즈드맥아추출물
하이드롤라이즈드식물성단백질,하이드롤라이즈드식물성단백질,2,2,하이드롤라이즈드식물성단백질
하이드롤라이즈드쌀단백질,하이드롤라이즈드쌀단백질,2,2,"하이드롤라이즈드쌀단백질 (3,000ppb) | 하이드롤라이즈드쌀단백질"
하이드롤라이즈드콜라겐,하이드롤라이즈드콜라겐,2,2,하이드롤라이즈드콜라겐(100 ppm) | 하이드롤라이즈드콜라겐(250 ppm)
헥토라이트,헥토라이트,2,2,헥토라이트
헵타소듐헥사카복시메틸다이펩타이드-12,헵타소듐헥사카복시메틸다이펩타이드12,2,2,헵타소듐헥사카복시메틸다이펩타이드-12
호모살레이트,호모살레이트,2,2,호모살레이트 9.5% | 호모살레이트
호박가루,호박가루,2,2,호박가루
호호바에스터,호호바에스터,2,2,호호바에스터
홍화꽃추출물,홍화꽃추출물,2,2,홍화꽃추출물
황금뿌리추출물,황금뿌리추출물,2,2,황금뿌리추출물
황벽나무나무껍질추출물,황벽나무나무껍질추출물,2,2,황벽나무나무껍질추출물
효모발효추출물,효모발효추출물,2,2,효모발효추출물
흰버드나무나무껍질수,흰버드나무나무껍질수,2,2,흰버드나무나무껍질수
C18-21알케인,c1821알케인,2,2,C18-21알케인
C30-45알킬세테아릴다이메티콘크로스폴리머,c3045알킬세테아릴다이메티콘크로스폴리머,2,2,C30-45알킬세테아릴다이메티콘크로스폴리머
"1,2-헥산디올",12헥산디올,1,1,"1,2-헥산디올"
가수분해삼색제비꽃추출물,가수분해삼색제비꽃추출물,1,1,가수분해삼색제비꽃추출물
가수분해오크라추출물,가수분해오크라추출물,1,1,가수분해오크라추출물
개박하추출물,개박하추출물,1,1,개박하추출물
고수추출물,고수추출물,1,1,고수추출물
구기자열매추출물,구기자열매추출물,1,1,구기자열매추출물
구아하이드록시프로필트라이모늄클로라이드,구아하이드록시프로필트라이모늄클로라이드,1,1,구아하이드록시프로필트라이모늄클로라이드
귀리단백질추출물,귀리단백질추출물,1,1,귀리단백질추출물
귀리커넬가루,귀리커넬가루,1,1,귀리커넬가루
귀리커넬추출물,귀리커넬추출물,1,1,귀리커넬추출물
규조토,규조토,1,1,규조토
글라이코실트레할로오스,글라이코실트레할로오스,1,1,글라이코실트레할로오스
글라이코젠,글라이코젠,1,1,글라이코젠
글루코닉애씨드,글루코닉애씨드,1,1,글루코닉애씨드
글리세릴리놀리네이트,글리세릴리놀리네이트,1,1,글리세릴리놀리네이트
글리세릴리놀리에이트,글리세릴리놀리에이트,1,1,글리세릴리놀리에이트
글리세릴아라키도네이트,글리세릴아라키도네이트,1,1,글리세릴아라키도네이트
글리세릴올리에이트,글리세릴올리에이트,1,1,글리세릴올리에이트
난추출물,난추출물,1,1,난추출물
낫토검,낫토검,1,1,낫토검
노나펩타이드-1,노나펩타이드1,1,1,노나펩타이드-1
노니꽃추출물,노니꽃추출물,1,1,노니꽃추출물
노니잎추출물,노니잎추출물,1,1,노니잎추출물
노니추출물,노니추출물,1,1,노니추출물(300ppm)
녹나무잎추출물,녹나무잎추출물,1,1,녹나무잎추출물
녹두씨가루,녹두씨가루,1,1,녹두씨가루
녹차가루,녹차가루,1,1,녹차가루
녹차잎수,녹차잎수,1,1,녹차잎수
녹차카테킨,녹차카테킨,1,1,녹차카테킨
님나무껍질추출물,님나무껍질추출물,1,1,님나무껍질추출물
다마스크장미꽃오일,다마스크장미꽃오일,1,1,다마스크장미꽃오일
다이메틸실라놀하이알루로네이트,다이메틸실라놀하이알루로네이트,1,1,다이메틸실라놀하이알루로네이트
다이부틸라우로일글루타마이드,다이부틸라우로일글루타마이드,1,1,다이부틸라우로일글루타마이드
다이부틸에틸헥사노일글루타마이드,다이부틸에틸헥사노일글루타마이드,1,1,다이부틸에틸헥사노일글루타마이드
다이소듐스테아로일글루타메이트,다이소듐스테아로일글루타메이트,1,1,다이소듐스테아로일글루타메이트
다이소듐코코일글루타메이트,다이소듐코코일글루타메이트,1,1,다이소듐코코일글루타메이트
다이실록세인,다이실록세인,1,1,다이실록세인
다이아이소프로필세바케이트,다이아이소프로필세바케이트,1,1,다이아이소프로필세바케이트
"다이에틸헥실2,6-나프탈레이트",다이에틸헥실26나프탈레이트,1,1,"다이에틸헥실2,6-나프탈레이트"
다이에틸헥실석시네이트,다이에틸헥실석시네이트,1,1,다이에틸헥실석시네이트
다이에틸헥실카보네이트,다이에틸헥실카보네이트,1,1,다이에틸헥실카보네이트
다이페닐실록시페닐트라이메티콘,다이페닐실록시페닐트라이메티콘,1,1,다이페닐실록시페닐트라이메티콘
다이포타슘포스페이트,다이포타슘포스페이트,1,1,다이포타슘포스페이트
당근씨오일,당근씨오일,1,1,당근씨오일
당근추출물,당근추출물,1,1,당근추출물
데하이드로아세틱애씨드,데하이드로아세틱애씨드,1,1,데하이드로아세틱애씨드
덱스트란,덱스트란,1,1,덱스트란
덱스트린팔미테이트,덱스트린팔미테이트,1,1,덱스트린팔미테이트
돌나물추출물,돌나물추출물,1,1,돌나물추출물
돌콩추출물,돌콩추출물,1,1,돌콩추출물
동백나무꽃추출물,동백나무꽃추출물,1,1,동백나무꽃추출물
동백나무씨오일,동백나무씨오일,1,1,동백나무씨오일
드로메트리졸트리실록산,드로메트리졸트리실록산,1,1,드로메트리졸트리실록산
들깨추출물,들깨추출물,1,1,들깨추출물
디메치콘,디메치콘,1,1,디메치콘
디소듐이디티에이,디소듐이디티에이,1,1,디소듐이디티에이
디에칠헥실부타미도트리아존,디에칠헥실부타미도트리아존,1,1,디에칠헥실부타미도트리아존
딸기열매추출물,딸기열매추출물,1,1,딸기열매추출물
때죽나무가지/열매/잎추출물,때죽나무가지열매잎추출물,1,1,때죽나무가지/열매/잎추출물
라즈베리케톤,라즈베리케톤,1,1,라즈베리케톤
락토바실러스,락토바실러스,1,1,락토바실러스
락토바실러스/두유발효여과물,락토바실러스두유발효여과물,1,1,락토바실러스/두유발효여과물
락토바실러스/쌀발효물,락토바실러스쌀발효물,1,1,락토바실러스/쌀발효물
락토바실러스/콩발효추출물,락토바실러스콩발효추출물,1,1,락토바실러스/콩발효추출물
락토바실러스/호밀가루발효물,락토바실러스호밀가루발효물,1,1,락토바실러스/호밀가루발효물
락토바실러스/히비스커스꽃발효여과물,락토바실러스히비스커스꽃발효여과물,1,1,락토바실러스/히비스커스꽃발효여과물
락토바실러스발효용해물,락토바실러스발효용해물,1,1,락토바실러스발효용해물
락토바이오닉애씨드,락토바이오닉애씨드,1,1,락토바이오닉애씨드
락토오스,락토오스,1,1,락토오스
락토코쿠스발효용해물,락토코쿠스발효용해물,1,1,락토코쿠스발효용해물
락틱애씨드/글라이콜릭애씨드코폴리머,락틱애씨드글라이콜릭애씨드코폴리머,1,1,락틱애씨드/글라이콜릭애씨드코폴리머
레드클로버꽃추출물,레드클로버꽃추출물,1,1,레드클로버꽃추출물
레몬그라스추출물,레몬그라스추출물,1,1,레몬그라스추출물
레몬열매추출물,레몬열매추출물,1,1,레몬열매추출물
레스베라트롤,레스베라트롤,1,1,레스베라트롤
레틴알,레틴알,1,1,레틴알(0.1%)
로우스위트블루베리추출물,로우스위트블루베리추출물,1,1,로우스위트블루베리추출물
로즈마리잎추출물,로즈마리잎추출물,1,1,로즈마리잎추출물
로켓잎추출물,로켓잎추출물,1,1,로켓잎추출물
류코노스톡/무뿌리발효여과물,류코노스톡무뿌리발효여과물,1,1,류코노스톡/무뿌리발효여과물
리놀레닉애씨드,리놀레닉애씨드,1,1,리놀레닉애씨드
리보플라빈,리보플라빈,1,1,리보플라빈
마그네슘글루코네이트,마그네슘글루코네이트,1,1,마그네슘글루코네이트
마그네슘아스코빌포스페이트,마그네슘아스코빌포스페이트,1,1,마그네슘아스코빌포스페이트
마그네슘클로라이드,마그네슘클로라이드,1,1,마그네슘클로라이드
마니쿠아강클레이,마니쿠아강클레이,1,1,마니쿠아강클레이
마트리카리아꽃추출물,마트리카리아꽃추출물,1,1,마트리카리아꽃추출물
만다린껍질추출물,만다린껍질추출물,1,1,만다린껍질추출물
망고스틴껍질추출물,망고스틴껍질추출물,1,1,망고스틴껍질추출물
매실열매추출물,매실열매추출물,1,1,매실열매추출물
매실추출물,매실추출물,1,1,매실추출물
메칠렌비스-벤조트리아졸릴테트라메칠부틸페놀,메칠렌비스벤조트리아졸릴테트라메칠부틸페놀,1,1,메칠렌비스-벤조트리아졸릴테트라메칠부틸페놀
메틸글루코오스세스퀴스테아레이트,메틸글루코오스세스퀴스테아레이트,1,1,메틸글루코오스세스퀴스테아레이트
멕시칸주니퍼오일,멕시칸주니퍼오일,1,1,멕시칸주니퍼오일
멜론열매추출물,멜론열매추출물,1,1,멜론열매추출물
모링가씨추출물,모링가씨추출물,1,1,모링가씨추출물
모즈쿠추출물,모즈쿠추출물,1,1,모즈쿠추출물
몬모릴로나이트,몬모릴로나이트,1,1,몬모릴로나이트
무씨추출물,무씨추출물,1,1,무씨추출물
물푸레나무추출물,물푸레나무추출물,1,1,물푸레나무추출물
미로탐누스 플라벨리폴리아잎/줄기추출물,미로탐누스플라벨리폴리아잎줄기추출물,1,1,미로탐누스 플라벨리폴리아잎/줄기추출물
미역취추출물,미역취추출물,1,1,미역취추출물
밀랍,밀랍,1,1,밀랍
바나나꽃추출물,바나나꽃추출물,1,1,바나나꽃추출물
바닐라열매추출물,바닐라열매추출물,1,1,바닐라열매추출물
바다포도추출물,바다포도추출물,1,1,바다포도추출물
바실러스/콩발효추출물,바실러스콩발효추출물,1,1,바실러스/콩발효추출물
바실러스발효물,바실러스발효물,1,1,바실러스발효물
바이오틴,바이오틴,1,1,바이오틴
바질꽃/잎/줄기추출물,바질꽃잎줄기추출물,1,1,바질꽃/잎/줄기추출물
바쿠치올,바쿠치올,1,1,바쿠치올
발삼아미리스껍질오일,발삼아미리스껍질오일,1,1,발삼아미리스껍질오일
발삼코파이바수지,발삼코파이바수지,1,1,발삼코파이바수지
밤부사 불가리스잎추출물,밤부사불가리스잎추출물,1,1,밤부사 불가리스잎추출물
배꽃추출물,배꽃추출물,1,1,배꽃추출물
버지니아풍년화추출물,버지니아풍년화추출물,1,1,버지니아풍년화추출물
벌노랑이씨추출물,벌노랑이씨추출물,1,1,벌노랑이씨추출물
베르가모트오일,베르가모트오일,1,1,베르가모트오일
베르가모트잎추출물,베르가모트잎추출물,1,1,베르가모트잎추출물
베툴린,베툴린,1,1,베툴린
베헤닉애씨드,베헤닉애씨드,1,1,베헤닉애씨드
벤조익애씨드,벤조익애씨드,1,1,벤조익애씨드
벤조트라이아졸릴도데실p-크레솔,벤조트라이아졸릴도데실p크레솔,1,1,벤조트라이아졸릴도데실p-크레솔
벤질살리실레이트,벤질살리실레이트,1,1,벤질살리실레이트
병풀꽃/잎/줄기추출물,병풀꽃잎줄기추출물,1,1,병풀꽃/잎/줄기추출물
병풀잎수,병풀잎수,1,1,병풀잎수
보리지씨오일,보리지씨오일,1,1,보리지씨오일
보리지추출물,보리지추출물,1,1,보리지추출물
복숭아추출물,복숭아추출물,1,1,복숭아추출물
봉의꼬리추출물,봉의꼬리추출물,1,1,봉의꼬리추출물
부들레야추출물,부들레야추출물,1,1,부들레야추출물
부틸렌/에틸렌/스타이렌코폴리머,부틸렌에틸렌스타이렌코폴리머,1,1,부틸렌/에틸렌/스타이렌코폴리머
부틸메톡시다이벤조일메탄,부틸메톡시다이벤조일메탄,1,1,부틸메톡시다이벤조일메탄
부틸아보카데이트,부틸아보카데이트,1,1,부틸아보카데이트
분비나무오일,분비나무오일,1,1,분비나무오일
브로콜리싹추출물,브로콜리싹추출물,1,1,브로콜리싹추출물
브루셀스프라우트추출물,브루셀스프라우트추출물,1,1,브루셀스프라우트추출물
브이피/에이코신코폴리머,브이피에이코신코폴리머,1,1,브이피/에이코신코폴리머
블루베리열매추출물,블루베리열매추출물,1,1,블루베리열매추출물
블루아가베잎추출물,블루아가베잎추출물,1,1,블루아가베잎추출물
비누풀추출물,비누풀추출물,1,1,비누풀추출물
비름씨추출물,비름씨추출물,1,1,비름씨추출물
비스-베헤닐/아이소스테아릴/파이토스테릴다이머다이리놀레일다이머다이리놀리에이트,비스베헤닐아이소스테아릴파이토스테릴다이머다이리놀레일다이머다이리놀리에이트,1,1,비스-베헤닐/아이소스테아릴/파이토스테릴다이머다이리놀레일다이머다이리놀리에이트
비스-하이드록시에톡시프로필다이메티콘,비스하이드록시에톡시프로필다이메티콘,1,1,비스-하이드록시에톡시프로필다이메티콘
비에이치티,비에이치티,1,1,비에이치티
비타민나무수,비타민나무수,1,1,비타민나무수
사과수,사과수,1,1,사과수
사과열매추출물,사과열매추출물,1,1,사과열매추출물
사과잎추출물,사과잎추출물,1,1,사과잎추출물
사과즙,사과즙,1,1,사과즙
사이아노코발아민,사이아노코발아민,1,1,사이아노코발아민
사철쑥추출물,사철쑥추출물,1,1,사철쑥추출물(976ppb)
생강뿌리추출물,생강뿌리추출물,1,1,생강뿌리추출물
샤프란꽃추출물,샤프란꽃추출물,1,1,샤프란꽃추출물
서양송악잎/줄기추출물,서양송악잎줄기추출물,1,1,서양송악잎/줄기추출물
석류나무꽃추출물,석류나무꽃추출물,1,1,석류나무꽃추출물
석송추출물,석송추출물,1,1,석송추출물
세레신,세레신,1,1,세레신
세륨옥사이드,세륨옥사이드,1,1,세륨옥사이드
세틸-피지하이드록시에틸팔미타마이드,세틸피지하이드록시에틸팔미타마이드,1,1,세틸-피지하이드록시에틸팔미타마이드
세틸에칠헥사노에이트,세틸에칠헥사노에이트,1,1,세틸에칠헥사노에이트
센티드제라늄추출물,센티드제라늄추출물,1,1,센티드제라늄추출물
소두구씨추출물,소두구씨추출물,1,1,소두구씨추출물
소듐글리세로포스페이트,소듐글리세로포스페이트,1,1,소듐글리세로포스페이트
소듐데하이드로아세테이트,소듐데하이드로아세테이트,1,1,소듐데하이드로아세테이트
소듐라우로일락틸레이트,소듐라우로일락틸레이트,1,1,소듐라우로일락틸레이트
소듐라우로일메틸아이세티오네이트,소듐라우로일메틸아이세티오네이트,1,1,소듐라우로일메틸아이세티오네이트
소듐라우릴글루코오스카복실레이트,소듐라우릴글루코오스카복실레이트,1,1,소듐라우릴글루코오스카복실레이트
소듐메틸올레오일타우레이트,소듐메틸올레오일타우레이트,1,1,소듐메틸올레오일타우레이트
소듐아스코빌포스페이트,소듐아스코빌포스페이트,1,1,소듐아스코빌포스페이트
소듐아크릴릭애씨드/엠에이코폴리머,소듐아크릴릭애씨드엠에이코폴리머,1,1,소듐아크릴릭애씨드/엠에이코폴리머
소듐올리에이트,소듐올리에이트,1,1,소듐올리에이트
소듐카보머,소듐카보머,1,1,소듐카보머
소듐하이알루로네이트다이메틸실라놀,소듐하이알루로네이트다이메틸실라놀,1,1,소듐하이알루로네이트다이메틸실라놀
소르빅애씨드,소르빅애씨드,1,1,소르빅애씨드
소시지트리열매추출물,소시지트리열매추출물,1,1,소시지트리열매추출물
솔잣나무잎추출물,솔잣나무잎추출물,1,1,솔잣나무잎추출물
쇠뜨기추출물,쇠뜨기추출물,1,1,쇠뜨기추출물
수레국화꽃추출물,수레국화꽃추출물,1,1,수레국화꽃추출물
수크로오스코코에이트,수크로오스코코에이트,1,1,수크로오스코코에이트
스위트아몬드오일,스위트아몬드오일,1,1,스위트아몬드오일
스타이렌/브이피코폴리머,스타이렌브이피코폴리머,1,1,스타이렌/브이피코폴리머
스테아트라이모늄메토설페이트,스테아트라이모늄메토설페이트,1,1,스테아트라이모늄메토설페이트
스트렙토코쿠스 테르모필루스발효물,스트렙토코쿠스테르모필루스발효물,1,1,스트렙토코쿠스 테르모필루스발효물
스트렙토코쿠스써모필루스발효물,스트렙토코쿠스써모필루스발효물,1,1,스트렙토코쿠스써모필루스발효물
시메티콘,시메티콘,1,1,시메티콘
식물성스쿠알란,식물성스쿠알란,1,1,식물성스쿠알란
식물성오일,식물성오일,1,1,식물성오일
식초,식초,1,1,식초
신선초추출물,신선초추출물,1,1,신선초추출물
실리카다이메틸실릴레이트,실리카다이메틸실릴레이트,1,1,실리카다이메틸실릴레이트
실리카실릴레이트,실리카실릴레이트,1,1,실리카실릴레이트
쌀가루,쌀가루,1,1,쌀가루
쌀겨,쌀겨,1,1,쌀겨
아가,아가,1,1,아가
아르간커넬오일,아르간커넬오일,1,1,아르간커넬오일
아르니카 몬타나꽃추출물,아르니카몬타나꽃추출물,1,1,아르니카 몬타나꽃추출물
아마씨추출물,아마씨추출물,1,1,아마씨추출물
아보벤존,아보벤존,1,1,아보벤존 3%
아보카도열매추출물,아보카도열매추출물,1,1,아보카도열매추출물
아보카도오일,아보카도오일,1,1,아보카도오일
아세틸글루타민,아세틸글루타민,1,1,아세틸글루타민
아세틸헥사펩타이드-1,아세틸헥사펩타이드1,1,1,아세틸헥사펩타이드-1
아스코빅애씨드폴리펩타이드,아스코빅애씨드폴리펩타이드,1,1,아스코빅애씨드폴리펩타이드
아스코빌테트라이소팔미테이트,아스코빌테트라이소팔미테이트,1,1,아스코빌테트라이소팔미테이트
아이소말트,아이소말트,1,1,아이소말트
아이소스테아릴아이소스테아레이트,아이소스테아릴아이소스테아레이트,1,1,아이소스테아릴아이소스테아레이트
아이소트라이데실아이소노나노에이트,아이소트라이데실아이소노나노에이트,1,1,아이소트라이데실아이소노나노에이트
아이소프로필알코올,아이소프로필알코올,1,1,아이소프로필알코올
아이소헥사데칸,아이소헥사데칸,1,1,아이소헥사데칸
아이소헥사디칸,아이소헥사디칸,1,1,아이소헥사디칸
아카시아세네갈검,아카시아세네갈검,1,1,아카시아세네갈검
아크릴레이트/다이메티콘코폴리머,아크릴레이트다이메티콘코폴리머,1,1,아크릴레이트/다이메티콘코폴리머
아크릴레이트/폴리트라이메틸실록시메타크릴레이트코폴리머,아크릴레이트폴리트라이메틸실록시메타크릴레이트코폴리머,1,1,아크릴레이트/폴리트라이메틸실록시메타크릴레이트코폴리머
아크릴레이트/C10-20알킬아크릴레이트크로스폴리머,아크릴레이트c1020알킬아크릴레이트크로스폴리머,1,1,아크릴레이트/C10-20알킬아크릴레이트크로스폴리머
아티초크잎추출물,아티초크잎추출물,1,1,아티초크잎추출물
알로에베라잎즙,알로에베라잎즙,1,1,알로에베라잎즙
알루미나,알루미나,1,1,알루미나
알루미늄스테아레이트,알루미늄스테아레이트,1,1,알루미늄스테아레이트
알지닌페룰레이트,알지닌페룰레이트,1,1,알지닌페룰레이트
알진,알진,1,1,알진
알파-비사보롤,알파비사보롤,1,1,알파-비사보롤
암모늄아크릴로일다이메틸타우레이트/베헤네스-25메타크릴레이트크로스폴리머,암모늄아크릴로일다이메틸타우레이트베헤네스25메타크릴레이트크로스폴리머,1,1,암모늄아크릴로일다이메틸타우레이트/베헤네스-25메타크릴레이트크로스폴리머
양까막까치밥나무잎추출물,양까막까치밥나무잎추출물,1,1,양까막까치밥나무잎추출물
어성초가루,어성초가루,1,1,어성초가루
얼룩파인애플추출물,얼룩파인애플추출물,1,1,얼룩파인애플추출물
에스에이치-올리고펩타이드-1,에스에이치올리고펩타이드1,1,1,에스에이치-올리고펩타이드-1
에스에이치-올리고펩타이드-2,에스에이치올리고펩타이드2,1,1,에스에이치-올리고펩타이드-2
에스에이치-폴리펩타이드-1,에스에이치폴리펩타이드1,1,1,에스에이치-폴리펩타이드-1
에스에이치-폴리펩타이드-121,에스에이치폴리펩타이드121,1,1,에스에이치-폴리펩타이드-121
에우파토리아짚신나물추출물,에우파토리아짚신나물추출물,1,1,에우파토리아짚신나물추출물
에칠헥실글리세린,에칠헥실글리세린,1,1,에칠헥실글리세린
에칠헥실메톡시신나메이트,에칠헥실메톡시신나메이트,1,1,에칠헥실메톡시신나메이트
에톡시다이글라이콜,에톡시다이글라이콜,1,1,에톡시다이글라이콜
에틸렌/프로필렌/스타이렌코폴리머,에틸렌프로필렌스타이렌코폴리머,1,1,에틸렌/프로필렌/스타이렌코폴리머
에틸렌/프로필렌코폴리머,에틸렌프로필렌코폴리머,1,1,에틸렌/프로필렌코폴리머
에틸헥실아이소노나노에이트,에틸헥실아이소노나노에이트,1,1,에틸헥실아이소노나노에이트
에피갈로카테킨갈레이트,에피갈로카테킨갈레이트,1,1,에피갈로카테킨갈레이트
연꽃꽃추출물,연꽃꽃추출물,1,1,연꽃꽃추출물
연꽃뿌리추출물,연꽃뿌리추출물,1,1,연꽃뿌리추출물
오렌지껍질오일,오렌지껍질오일,1,1,오렌지껍질오일
오렌지오일,오렌지오일,1,1,오렌지오일
오크라열매추출물,오크라열매추출물,1,1,오크라열매추출물
옥타데케인,옥타데케인,1,1,옥타데케인
옥토크릴렌,옥토크릴렌,1,1,옥토크릴렌 5%
옥티살레이트,옥티살레이트,1,1,옥티살레이트 4.5%
올레라케아아크멜라추출물,올레라케아아크멜라추출물,1,1,올레라케아아크멜라추출물
올리고펩타이드-68,올리고펩타이드68,1,1,올리고펩타이드-68
우레아,우레아,1,1,우레아
우릭애씨드,우릭애씨드,1,1,우릭애씨드
워터민트추출물,워터민트추출물,1,1,워터민트추출물
위치하젤잎수,위치하젤잎수,1,1,위치하젤잎수
위치하젤잎추출물,위치하젤잎추출물,1,1,위치하젤잎추출물
유제놀,유제놀,1,1,유제놀
유채스테롤,유채스테롤,1,1,유채스테롤
유채싹추출물,유채싹추출물,1,1,유채싹추출물
유칼립투스잎오일,유칼립투스잎오일,1,1,유칼립투스잎오일
유향나무오일,유향나무오일,1,1,유향나무오일
율무씨가루,율무씨가루,1,1,율무씨가루
은행나무잎추출물,은행나무잎추출물,1,1,은행나무잎추출물
인삼뿌리수,인삼뿌리수,1,1,인삼뿌리수
일라이트,일라이트,1,1,일라이트
자두열매추출물,자두열매추출물,1,1,자두열매추출물
자몽껍질오일,자몽껍질오일,1,1,자몽껍질오일
자일로오스,자일로오스,1,1,자일로오스
자주개자리추출물,자주개자리추출물,1,1,자주개자리추출물
조선현호색뿌리추출물,조선현호색뿌리추출물,1,1,조선현호색뿌리추출물
진주가루,진주가루,1,1,진주가루
진흙버섯추출물,진흙버섯추출물,1,1,진흙버섯추출물
징크리시놀리에이트,징크리시놀리에이트,1,1,징크리시놀리에이트
징크스테아레이트,징크스테아레이트,1,1,징크스테아레이트
징크옥사이드 (CI 77947),징크옥사이드ci77947,1,1,징크옥사이드 (CI 77947)
징크클로라이드,징크클로라이드,1,1,징크클로라이드
징크하이드롤라이즈드하이알루로네이트,징크하이드롤라이즈드하이알루로네이트,1,1,징크하이드롤라이즈드하이알루로네이트
첨차잎추출물,첨차잎추출물,1,1,첨차잎추출물
체이스트트리추출물,체이스트트리추출물,1,1,체이스트트리추출물
초피나무열매오일,초피나무열매오일,1,1,초피나무열매오일
초피나무열매추출물,초피나무열매추출물,1,1,초피나무열매추출물
측백나무잎추출물,측백나무잎추출물,1,1,측백나무잎추출물
치자꽃추출물,치자꽃추출물,1,1,치자꽃추출물
카놀라오일,카놀라오일,1,1,카놀라오일
카라기난,카라기난,1,1,카라기난
카바카바잎/뿌리/줄기추출물,카바카바잎뿌리줄기추출물,1,1,카바카바잎/뿌리/줄기추출물
카프릴릭/카프릭트리글리세라이드,카프릴릭카프릭트리글리세라이드,1,1,카프릴릭/카프릭트리글리세라이드
카프릴릭애씨드,카프릴릭애씨드,1,1,카프릴릭애씨드
카프릴릴트라이메티콘,카프릴릴트라이메티콘,1,1,카프릴릴트라이메티콘
카프릴하이드록사믹애씨드,카프릴하이드록사믹애씨드,1,1,카프릴하이드록사믹애씨드
칸데릴라/호호바/쌀겨폴리글리세릴-3에스터,칸데릴라호호바쌀겨폴리글리세릴3에스터,1,1,칸데릴라/호호바/쌀겨폴리글리세릴-3에스터
칸데릴라왁스에스터,칸데릴라왁스에스터,1,1,칸데릴라왁스에스터
칸디다봄비콜라/글루코오스/메틸레이프시데이트발효물,칸디다봄비콜라글루코오스메틸레이프시데이트발효물,1,1,칸디다봄비콜라/글루코오스/메틸레이프시데이트발효물
칼슘글루코네이트,칼슘글루코네이트,1,1,칼슘글루코네이트
칼슘설페이트,칼슘설페이트,1,1,칼슘설페이트
칼슘판토테네이트,칼슘판토테네이트,1,1,칼슘판토테네이트
캐나다콜로이달클레이,캐나다콜로이달클레이,1,1,캐나다콜로이달클레이
캐롭검,캐롭검,1,1,캐롭검
캐모마일잎추출물,캐모마일잎추출물,1,1,캐모마일잎추출물
캐모마일추출물,캐모마일추출물,1,1,캐모마일추출물
캣츠클로추출물,캣츠클로추출물,1,1,캣츠클로추출물
커피씨추출물,커피씨추출물,1,1,커피씨추출물
커피콩추출물,커피콩추출물,1,1,커피콩추출물
케일잎추출물,케일잎추출물,1,1,케일잎추출물
코직애씨드,코직애씨드,1,1,코직애씨드
코카마이드메틸엠이에이,코카마이드메틸엠이에이,1,1,코카마이드메틸엠이에이
코카미도프로필하이드록시설테인,코카미도프로필하이드록시설테인,1,1,코카미도프로필하이드록시설테인
코코넛야자껍질가루,코코넛야자껍질가루,1,1,코코넛야자껍질가루
코튼가루,코튼가루,1,1,코튼가루
콘민트잎추출물,콘민트잎추출물,1,1,콘민트잎추출물
콘민트추출물,콘민트추출물,1,1,콘민트추출물
콩추출물,콩추출물,1,1,콩추출물 (0.001ppm)
쿼세틴,쿼세틴,1,1,쿼세틴
퀘르세틴,퀘르세틴,1,1,퀘르세틴
퀴노아씨추출물,퀴노아씨추출물,1,1,퀴노아씨추출물
크레아틴,크레아틴,1,1,크레아틴
크로뮴옥사이드그린,크로뮴옥사이드그린,1,1,크로뮴옥사이드그린
크로뮴옥사이드그린(CI 77288),크로뮴옥사이드그린ci77288,1,1,크로뮴옥사이드그린(CI 77288)
클라리세이지추출물,클라리세이지추출물,1,1,클라리세이지추출물
클레리오일,클레리오일,1,1,클레리오일
클로렐라 불가리스가루,클로렐라불가리스가루,1,1,클로렐라 불가리스가루
클로렐라가루,클로렐라가루,1,1,클로렐라가루
클로브싹추출물,클로브싹추출물,1,1,클로브싹추출물
타마누씨오일,타마누씨오일,1,1,타마누씨오일
타임잎추출물,타임잎추출물,1,1,타임잎추출물
탈지쌀겨,탈지쌀겨,1,1,탈지쌀겨
탈지쌀겨추출물,탈지쌀겨추출물,1,1,탈지쌀겨추출물
테레프탈릴리덴디캠퍼설포닉애씨드,테레프탈릴리덴디캠퍼설포닉애씨드,1,1,테레프탈릴리덴디캠퍼설포닉애씨드
테트라데센,테트라데센,1,1,테트라데센
테트라데실아미노부티로일발릴아미노부티릭우레아트라이플루오로아세테이트,테트라데실아미노부티로일발릴아미노부티릭우레아트라이플루오로아세테이트,1,1,테트라데실아미노부티로일발릴아미노부티릭우레아트라이플루오로아세테이트
테트라소듐글루타메이트다이아세테이트,테트라소듐글루타메이트다이아세테이트,1,1,테트라소듐글루타메이트다이아세테이트
테트라소듐이디티에이,테트라소듐이디티에이,1,1,테트라소듐이디티에이
테트라소듐파이로포스페이트,테트라소듐파이로포스페이트,1,1,테트라소듐파이로포스페이트
테트라아세틸파이토스핑고신,테트라아세틸파이토스핑고신,1,1,테트라아세틸파이토스핑고신
테트라하이드로피페린,테트라하이드로피페린,1,1,테트라하이드로피페린
토타롤,토타롤,1,1,토타롤
튜베로즈추출물,튜베로즈추출물,1,1,튜베로즈추출물
트라이소듐포스페이트,트라이소듐포스페이트,1,1,트라이소듐포스페이트
트라이아이소스테아린,트라이아이소스테아린,1,1,트라이아이소스테아린
트루로즈오브예리코추출물,트루로즈오브예리코추출물,1,1,트루로즈오브예리코추출물
티아민에이치씨엘,티아민에이치씨엘,1,1,티아민에이치씨엘
티트리추출물,티트리추출물,1,1,티트리추출물
파파야열매추출물,파파야열매추출물,1,1,파파야열매추출물
팔마로사오일,팔마로사오일,1,1,팔마로사오일
팔미토일다이펩타이드-7,팔미토일다이펩타이드7,1,1,팔미토일다이펩타이드-7
팔미토일트라이펩타이드-8,팔미토일트라이펩타이드8,1,1,팔미토일트라이펩타이드-8
팔미토일헥사펩타이드-12,팔미토일헥사펩타이드12,1,1,팔미토일헥사펩타이드-12
팜씨오일,팜씨오일,1,1,팜씨오일
팥가루,팥가루,1,1,"팥가루(15,000ppm)"
페네틸벤조에이트,페네틸벤조에이트,1,1,페네틸벤조에이트
페룰릭애씨드,페룰릭애씨드,1,1,페룰릭애씨드
페트롤라툼,페트롤라툼,1,1,페트롤라툼
페퍼민트잎추출물,페퍼민트잎추출물,1,1,페퍼민트잎추출물
펙틴,펙틴,1,1,펙틴
펜타에리스리틸다이스테아레이트,펜타에리스리틸다이스테아레이트,1,1,펜타에리스리틸다이스테아레이트
펜타펩타이드-3,펜타펩타이드3,1,1,펜타펩타이드-3
포도즙추출물,포도즙추출물,1,1,포도즙추출물
포스포릭애씨드,포스포릭애씨드,1,1,포스포릭애씨드
포타슘마그네슘아스파테이트,포타슘마그네슘아스파테이트,1,1,포타슘마그네슘아스파테이트
포타슘미리스테이트,포타슘미리스테이트,1,1,포타슘미리스테이트
포타슘솔베이트,포타슘솔베이트,1,1,포타슘솔베이트
포타슘스테아레이트,포타슘스테아레이트,1,1,포타슘스테아레이트
포타슘클로라이드,포타슘클로라이드,1,1,포타슘클로라이드
포타슘팔미테이트,포타슘팔미테이트,1,1,포타슘팔미테이트
폴리글리세린-6,폴리글리세린6,1,1,폴리글리세린-6
폴리글리세릴-10다이아이소스테아레이트,폴리글리세릴10다이아이소스테아레이트,1,1,폴리글리세릴-10다이아이소스테아레이트
폴리글리세릴-10아이소스테아레이트,폴리글리세릴10아이소스테아레이트,1,1,폴리글리세릴-10아이소스테아레이트
폴리글리세릴-2아이소스테아레이트/다이머다이리놀리에이트코폴리머,폴리글리세릴2아이소스테아레이트다이머다이리놀리에이트코폴리머,1,1,폴리글리세릴-2아이소스테아레이트/다이머다이리놀리에이트코폴리머
폴리글리세릴-2트라이아이소스테아레이트,폴리글리세릴2트라이아이소스테아레이트,1,1,폴리글리세릴-2트라이아이소스테아레이트
폴리글리세릴-3폴리리시놀리에이트,폴리글리세릴3폴리리시놀리에이트,1,1,폴리글리세릴-3폴리리시놀리에이트
폴리글리세릴-4라우레이트,폴리글리세릴4라우레이트,1,1,폴리글리세릴-4라우레이트
폴리글리세릴-4아이소스테아레이트,폴리글리세릴4아이소스테아레이트,1,1,폴리글리세릴-4아이소스테아레이트
폴리글리세릴-5폴리리시놀리에이트,폴리글리세릴5폴리리시놀리에이트,1,1,폴리글리세릴-5폴리리시놀리에이트
폴리글리세릴-6다이스테아레이트,폴리글리세릴6다이스테아레이트,1,1,폴리글리세릴-6다이스테아레이트
폴리글리세릴-6다이카프레이트,폴리글리세릴6다이카프레이트,1,1,폴리글리세릴-6다이카프레이트
폴리글리세릴-6카프릴레이트,폴리글리세릴6카프릴레이트,1,1,폴리글리세릴-6카프릴레이트
폴리글리세릴-6폴리하이드록시스테아레이트,폴리글리세릴6폴리하이드록시스테아레이트,1,1,폴리글리세릴-6폴리하이드록시스테아레이트
폴리데센,폴리데센,1,1,폴리데센
폴리메틸메타크릴레이트,폴리메틸메타크릴레이트,1,1,폴리메틸메타크릴레이트
폴리비닐알코올,폴리비닐알코올,1,1,폴리비닐알코올
폴리쿼터늄-39,폴리쿼터늄39,1,1,폴리쿼터늄-39
폴리쿼터늄-7,폴리쿼터늄7,1,1,폴리쿼터늄-7
폴리프로필실세스퀴옥세인,폴리프로필실세스퀴옥세인,1,1,폴리프로필실세스퀴옥세인
폴릭애씨드,폴릭애씨드,1,1,폴릭애씨드
풀러린,풀러린,1,1,풀러린
프로필렌글라이콜다이벤조에이트,프로필렌글라이콜다이벤조에이트,1,1,프로필렌글라이콜다이벤조에이트
프로필렌글라이콜라우레이트,프로필렌글라이콜라우레이트,1,1,프로필렌글라이콜라우레이트
플랑크톤추출물,플랑크톤추출물,1,1,플랑크톤추출물
플로레틴,플로레틴,1,1,플로레틴
피리독신,피리독신,1,1,피리독신
피브이피,피브이피,1,1,피브이피
피토스테릴/베헤닐/옥틸도데실라우로일글루타메이트,피토스테릴베헤닐옥틸도데실라우로일글루타메이트,1,1,피토스테릴/베헤닐/옥틸도데실라우로일글루타메이트
피토스테릴/옥틸도데실라우로일글루타메이트,피토스테릴옥틸도데실라우로일글루타메이트,1,1,피토스테릴/옥틸도데실라우로일글루타메이트
피톨,피톨,1,1,피톨
하이드로제네이티드다이데센,하이드로제네이티드다이데센,1,1,하이드로제네이티드다이데센
하이드로제네이티드스타치하이드롤리세이트,하이드로제네이티드스타치하이드롤리세이트,1,1,하이드로제네이티드스타치하이드롤리세이트
하이드로제네이티드식물성오일,하이드로제네이티드식물성오일,1,1,하이드로제네이티드식물성오일
하이드로제네이티드쌀겨오일,하이드로제네이티드쌀겨오일,1,1,하이드로제네이티드쌀겨오일
하이드로제네이티드코코-글리세라이드,하이드로제네이티드코코글리세라이드,1,1,하이드로제네이티드코코-글리세라이드
하이드로제네이티드코코넛애씨드,하이드로제네이티드코코넛애씨드,1,1,하이드로제네이티드코코넛애씨드
하이드로제네이티드코코넛오일,하이드로제네이티드코코넛오일,1,1,하이드로제네이티드코코넛오일
하이드로제네이티드팜애씨드,하이드로제네이티드팜애씨드,1,1,하이드로제네이티드팜애씨드
하이드로제네이티드포스파티딜콜린,하이드로제네이티드포스파티딜콜린,1,1,하이드로제네이티드포스파티딜콜린
하이드로젠다이메티콘,하이드로젠다이메티콘,1,1,하이드로젠다이메티콘
하이드록시데실유비퀴논,하이드록시데실유비퀴논,1,1,하이드록시데실유비퀴논
하이드록시시트로넬알,하이드록시시트로넬알,1,1,하이드록시시트로넬알
하이드롤라이즈드삼색제비꽃추출물,하이드롤라이즈드삼색제비꽃추출물,1,1,하이드롤라이즈드삼색제비꽃추출물
하이드롤라이즈드치자추출물,하이드롤라이즈드치자추출물,1,1,하이드롤라이즈드치자추출물
하이드롤라이즈드콩단백질,하이드롤라이즈드콩단백질,1,1,하이드롤라이즈드콩단백질
하이드롤라이즈드해면,하이드롤라이즈드해면,1,1,하이드롤라이즈드해면
하이드롤라이즈드호호바에스터,하이드롤라이즈드호호바에스터,1,1,하이드롤라이즈드호호바에스터
한천,한천,1,1,한천
합성플루오르플로고파이트,합성플루오르플로고파이트,1,1,합성플루오르플로고파이트
해바라기싹추출물,해바라기싹추출물,1,1,해바라기싹추출물
해바라기씨왁스,해바라기씨왁스,1,1,해바라기씨왁스
해송나무껍질추출물,해송나무껍질추출물,1,1,해송나무껍질추출물
향기제비꽃잎추출물,향기제비꽃잎추출물,1,1,향기제비꽃잎추출물
향부자뿌리추출물,향부자뿌리추출물,1,1,향부자뿌리추출물
허니서클추출물,허니서클추출물,1,1,허니서클추출물
헥사데센,헥사데센,1,1,헥사데센
헥실레조시놀,헥실레조시놀,1,1,헥실레조시놀
홍화씨오일,홍화씨오일,1,1,홍화씨오일
화이트루핀씨추출물,화이트루핀씨추출물,1,1,화이트루핀씨추출물
황금추출물,황금추출물,1,1,황금추출물
황마잎추출물,황마잎추출물,1,1,황마잎추출물
황벽나무껍질추출물,황벽나무껍질추출물,1,1,황벽나무껍질추출물
황색산화철 (CI 77492),황색산화철ci77492,1,1,황색산화철 (CI 77492)
회향씨추출물,회향씨추출물,1,1,회향씨추출물
효모발효물,효모발효물,1,1,효모발효물
흑색산화철,흑색산화철,1,1,흑색산화철
흰루핀씨추출물,흰루핀씨추출물,1,1,흰루핀씨추출물
흰목이버섯추출물,흰목이버섯추출물,1,1,흰목이버섯추출물
흰버드나무나무껍질추출물,흰버드나무나무껍질추출물,1,1,흰버드나무나무껍질추출물
흰서양송로추출물,흰서양송로추출물,1,1,흰서양송로추출물
히비스커스꽃추출물,히비스커스꽃추출물,1,1,히비스커스꽃추출물(10ppm)
히아신스추출물,히아신스추출물,1,1,히아신스추출물
C12-13알케스-9,c1213알케스9,1,1,C12-13알케스-9
C13-15알케인,c1315알케인,1,1,C13-15알케인
C13-16아이소알케인,c1316아이소알케인,1,1,C13-16아이소알케인
